data,internacoes_ativas,leitos_disponiveis_total,leitos_disponiveis_enfermaria,leitos_disponiveis_quarto,leitos_disponiveis_cti,taxa_ocupacao_pct,taxa_ocupacao_cti_pct,fila_espera_media_dia,fila_espera_pico,pacientes_atendidos_pa,tempo_espera_medio_min,altas_dia,obitos_dia,transferencias_dia,novos_internados_dia,cirurgias_realizadas
2025-06-18,103,47,28,10,30,68.7,0.0,46,67,337,30,6,0,2,11,6
2025-06-19,107,43,23,8,30,71.3,0.0,49,88,386,45,5,2,0,11,9
2025-06-20,105,45,27,9,30,70.0,0.0,42,61,308,128,10,0,0,8,6
2025-06-21,109,41,27,8,30,72.7,0.0,54,94,445,138,5,0,0,9,10
2025-06-22,114,36,19,5,30,76.0,0.0,60,126,471,68,6,1,0,12,12
2025-06-23,110,40,22,6,30,73.3,0.0,39,65,372,89,9,0,0,5,11
2025-06-24,108,42,25,10,30,72.0,0.0,38,61,285,124,6,0,0,4,8
2025-06-25,101,49,29,10,30,67.3,0.0,40,82,316,139,10,1,0,4,8
2025-06-26,103,47,30,11,30,68.7,0.0,49,71,379,39,7,0,0,9,8
2025-06-27,101,49,26,7,30,67.3,0.0,39,63,317,62,9,0,0,7,8
2025-06-28,100,50,30,12,30,66.7,0.0,56,95,431,37,9,0,0,8,3
2025-06-29,105,45,28,10,30,70.0,0.0,51,86,450,113,3,1,0,9,10
2025-06-30,102,48,29,8,30,68.0,0.0,47,77,350,25,8,0,0,5,5
2025-07-01,102,48,31,11,30,68.0,0.0,35,62,288,78,6,0,0,6,7
2025-07-02,99,51,31,12,30,66.0,0.0,35,69,309,39,10,2,0,9,12
2025-07-03,97,53,33,9,30,64.7,0.0,46,79,352,67,9,0,0,7,3
2025-07-04,104,46,27,7,30,69.3,0.0,36,78,262,136,5,0,0,12,5
2025-07-05,105,45,29,8,30,70.0,0.0,48,88,372,116,5,0,0,6,8
2025-07-06,106,44,23,8,30,70.7,0.0,60,102,554,39,9,0,2,12,3
2025-07-07,108,42,26,10,30,72.0,0.0,38,76,356,49,4,2,1,9,12
2025-07-08,109,41,26,9,30,72.7,0.0,46,81,378,29,3,0,0,4,5
2025-07-09,102,48,26,9,30,68.0,0.0,36,54,285,136,10,0,1,4,8
2025-07-10,106,44,24,9,30,70.7,0.0,36,77,319,69,3,0,0,7,5
2025-07-11,109,41,25,8,30,72.7,0.0,45,78,356,93,7,0,0,10,9
2025-07-12,108,42,25,10,30,72.0,0.0,50,81,445,64,9,0,0,8,3
2025-07-13,110,40,22,9,30,73.3,0.0,55,85,463,87,3,0,0,5,4
2025-07-14,113,37,20,6,30,75.3,0.0,39,64,348,109,3,0,0,6,11
2025-07-15,112,38,24,6,30,74.7,0.0,41,81,321,30,6,1,0,6,4
2025-07-16,112,38,22,9,30,74.7,0.0,48,105,395,30,8,1,0,9,3
2025-07-17,113,37,23,8,30,75.3,0.0,40,76,313,102,3,1,0,5,6
2025-07-18,115,35,21,8,30,76.7,0.0,37,60,277,100,6,0,0,8,9
2025-07-19,117,33,21,6,30,78.0,0.0,48,92,403,72,6,1,0,9,10
2025-07-20,114,36,18,9,30,76.0,0.0,54,107,460,49,8,0,2,7,10
2025-07-21,119,31,17,7,30,79.3,0.0,45,63,396,105,3,0,0,8,11
2025-07-22,122,28,19,3,28,81.3,6.7,44,67,340,76,4,1,0,8,7
2025-07-23,120,30,15,6,30,80.0,0.0,36,52,295,49,8,0,1,7,9
2025-07-24,128,22,10,3,22,85.3,26.7,50,93,369,29,3,0,0,11,11
2025-07-25,132,18,10,3,18,88.0,40.0,48,99,452,101,5,0,2,11,12
2025-07-26,140,10,5,3,10,93.3,66.7,59,83,562,74,3,0,0,12,9
2025-07-27,140,10,6,3,10,93.3,66.7,51,106,453,86,4,2,0,6,8
2025-07-28,138,12,4,4,12,92.0,60.0,50,82,478,113,9,0,0,7,9
2025-07-29,137,13,8,4,13,91.3,56.7,48,105,356,112,6,1,0,6,9
2025-07-30,140,10,6,2,10,93.3,66.7,41,65,326,60,4,0,0,10,12
2025-07-31,137,13,5,0,13,91.3,56.7,48,98,434,139,9,0,0,6,12
2025-08-01,139,11,3,0,11,92.7,63.3,41,83,329,32,5,0,0,7,11
2025-08-02,136,14,7,2,14,90.7,53.3,50,98,463,89,10,0,0,7,11
2025-08-03,140,10,6,0,10,93.3,66.7,49,103,450,140,8,0,0,12,5
2025-08-04,140,10,6,0,10,93.3,66.7,44,63,378,112,10,0,1,11,6
2025-08-05,140,10,2,2,10,93.3,66.7,50,73,476,82,5,0,0,12,4
2025-08-06,140,10,8,0,10,93.3,66.7,48,69,381,83,4,1,0,11,7
2025-08-07,140,10,4,3,10,93.3,66.7,35,49,257,121,4,0,0,12,3
2025-08-08,140,10,7,0,10,93.3,66.7,43,88,370,57,4,0,0,6,3
2025-08-09,140,10,2,1,10,93.3,66.7,49,91,407,87,4,0,0,6,5
2025-08-10,140,10,4,1,10,93.3,66.7,59,86,528,119,7,2,0,10,7
2025-08-11,140,10,7,3,10,93.3,66.7,41,64,334,67,9,0,0,9,12
2025-08-12,135,15,7,4,15,90.0,50.0,49,97,433,102,10,0,0,5,5
2025-08-13,139,11,7,1,11,92.7,63.3,47,78,352,85,3,0,0,7,11
2025-08-14,139,11,6,4,11,92.7,63.3,38,64,350,133,9,0,1,10,12
2025-08-15,140,10,7,0,10,93.3,66.7,48,93,389,83,5,0,0,11,7
2025-08-16,140,10,7,1,10,93.3,66.7,61,109,509,113,9,0,0,11,11
2025-08-17,140,10,6,0,10,93.3,66.7,53,101,413,85,3,1,0,10,6
2025-08-18,140,10,7,0,10,93.3,66.7,40,69,341,76,6,0,0,8,8
2025-08-19,140,10,4,1,10,93.3,66.7,47,65,422,71,10,0,0,12,5
2025-08-20,140,10,3,0,10,93.3,66.7,42,66,366,90,4,0,0,7,10
2025-08-21,139,11,4,1,11,92.7,63.3,46,76,414,129,5,0,0,4,10
2025-08-22,140,10,6,3,10,93.3,66.7,41,73,362,81,9,0,0,12,12
2025-08-23,140,10,5,0,10,93.3,66.7,53,103,464,69,4,0,0,4,7
2025-08-24,139,11,7,3,11,92.7,63.3,56,118,464,106,6,0,0,5,11
2025-08-25,137,13,4,3,13,91.3,56.7,40,65,338,65,7,0,0,5,12
2025-08-26,132,18,11,3,18,88.0,40.0,38,65,286,114,9,0,0,4,9
2025-08-27,132,18,8,5,18,88.0,40.0,50,72,466,56,10,0,0,10,5
2025-08-28,138,12,7,0,12,92.0,60.0,37,71,321,90,4,0,0,10,10
2025-08-29,139,11,8,0,11,92.7,63.3,50,102,469,135,4,0,1,6,12
2025-08-30,140,10,6,2,10,93.3,66.7,48,79,367,64,3,0,0,12,9
2025-08-31,140,10,3,1,10,93.3,66.7,49,105,409,115,4,0,0,11,7
2025-09-01,140,10,2,0,10,93.3,66.7,37,77,349,68,4,1,0,9,8
2025-09-02,140,10,7,3,10,93.3,66.7,32,53,261,49,4,0,0,8,3
2025-09-03,140,10,7,1,10,93.3,66.7,42,69,307,62,6,0,0,10,7
2025-09-04,140,10,8,0,10,93.3,66.7,32,69,237,71,6,0,0,9,6
2025-09-05,140,10,6,2,10,93.3,66.7,45,80,391,130,9,0,0,10,6
2025-09-06,140,10,5,1,10,93.3,66.7,42,81,334,69,7,1,1,12,3
2025-09-07,140,10,8,3,10,93.3,66.7,48,68,447,51,3,0,1,5,12
2025-09-08,140,10,4,0,10,93.3,66.7,36,54,298,31,5,0,0,10,3
2025-09-09,139,11,6,2,11,92.7,63.3,37,80,289,85,7,0,0,6,3
2025-09-10,140,10,2,3,10,93.3,66.7,33,72,305,55,4,0,0,9,12
2025-09-11,140,10,3,1,10,93.3,66.7,37,55,315,71,5,0,0,10,10
2025-09-12,140,10,7,1,10,93.3,66.7,33,49,298,123,4,2,0,6,6
2025-09-13,140,10,8,3,10,93.3,66.7,43,77,403,108,3,0,0,7,12
2025-09-14,140,10,5,2,10,93.3,66.7,52,77,463,80,5,0,0,5,3
2025-09-15,135,15,9,1,15,90.0,50.0,37,58,353,66,10,0,1,6,12
2025-09-16,136,14,7,1,14,90.7,53.3,41,71,365,94,4,0,0,5,10
2025-09-17,135,15,11,2,15,90.0,50.0,30,55,223,126,5,0,0,4,10
2025-09-18,136,14,10,4,14,90.7,53.3,35,51,306,62,10,1,0,12,7
2025-09-19,132,18,10,2,18,88.0,40.0,42,63,351,52,9,0,0,5,11
2025-09-20,134,16,7,2,16,89.3,46.7,45,70,339,42,9,0,0,11,7
2025-09-21,134,16,9,5,16,89.3,46.7,42,64,327,62,5,0,2,7,8
2025-09-22,140,10,4,2,10,93.3,66.7,41,77,322,84,5,0,0,12,7
2025-09-23,140,10,4,0,10,93.3,66.7,30,50,258,110,4,0,0,8,3
2025-09-24,137,13,5,4,13,91.3,56.7,37,70,290,131,9,0,1,7,7
2025-09-25,137,13,6,0,13,91.3,56.7,44,78,414,58,6,1,2,9,10
2025-09-26,140,10,7,2,10,93.3,66.7,30,63,246,69,5,0,0,9,3
2025-09-27,140,10,2,1,10,93.3,66.7,46,88,380,40,4,0,0,6,7
2025-09-28,140,10,6,1,10,93.3,66.7,44,76,353,91,7,0,0,8,6
2025-09-29,140,10,7,0,10,93.3,66.7,31,56,224,85,3,0,0,6,11
2025-09-30,140,10,3,0,10,93.3,66.7,34,57,295,25,3,0,0,6,12
2025-10-01,140,10,5,3,10,93.3,66.7,32,50,286,87,7,0,1,8,12
2025-10-02,139,11,4,2,11,92.7,63.3,32,45,291,46,5,0,0,4,5
2025-10-03,135,15,11,2,15,90.0,50.0,44,81,400,131,10,0,0,6,11
2025-10-04,137,13,5,1,13,91.3,56.7,53,107,411,132,6,0,0,8,5
2025-10-05,140,10,5,0,10,93.3,66.7,40,63,362,38,7,0,0,11,10
2025-10-06,140,10,4,0,10,93.3,66.7,39,66,328,139,4,0,1,12,11
2025-10-07,134,16,10,3,16,89.3,46.7,33,71,244,48,8,0,2,4,5
2025-10-08,129,21,13,6,21,86.0,30.0,44,95,347,60,9,0,0,4,4
2025-10-09,127,23,11,5,23,84.7,23.3,39,80,327,87,4,0,2,4,6
2025-10-10,120,30,20,3,30,80.0,0.0,34,56,291,89,10,1,0,4,7
2025-10-11,125,25,15,5,25,83.3,16.7,55,80,437,109,6,0,0,11,5
2025-10-12,126,24,17,5,24,84.0,20.0,42,85,332,110,8,0,0,9,10
2025-10-13,128,22,15,2,22,85.3,26.7,37,62,285,129,3,0,0,5,6
2025-10-14,125,25,12,4,25,83.3,16.7,30,64,270,36,8,0,1,6,8
2025-10-15,129,21,14,5,21,86.0,30.0,43,68,405,109,8,0,0,12,7
2025-10-16,128,22,12,4,22,85.3,26.7,34,70,326,39,6,0,0,5,11
2025-10-17,125,25,15,3,25,83.3,16.7,42,69,360,40,8,0,0,5,10
2025-10-18,125,25,15,2,25,83.3,16.7,48,75,370,82,6,2,0,8,7
2025-10-19,127,23,14,6,23,84.7,23.3,41,86,376,25,3,0,0,5,9
2025-10-20,127,23,11,5,23,84.7,23.3,41,82,390,97,6,0,1,7,8
2025-10-21,135,15,5,4,15,90.0,50.0,45,81,395,134,4,0,0,12,8
2025-10-22,140,10,4,0,10,93.3,66.7,42,78,393,30,4,0,0,9,6
2025-10-23,140,10,6,0,10,93.3,66.7,30,65,236,59,7,0,0,12,3
2025-10-24,140,10,6,1,10,93.3,66.7,42,79,311,93,3,0,0,10,6
2025-10-25,140,10,2,2,10,93.3,66.7,55,102,496,74,6,0,0,7,9
2025-10-26,135,15,8,2,15,90.0,50.0,40,66,366,97,7,2,0,4,3
2025-10-27,134,16,6,1,16,89.3,46.7,33,57,267,37,9,2,1,11,3
2025-10-28,130,20,12,4,20,86.7,33.3,40,62,335,99,8,0,0,4,7
2025-10-29,129,21,13,3,21,86.0,30.0,32,58,297,118,8,0,0,7,9
2025-10-30,127,23,12,5,23,84.7,23.3,33,67,298,77,9,0,0,7,11
2025-10-31,133,17,13,4,17,88.7,43.3,37,57,273,84,4,2,0,12,3
2025-11-01,130,20,11,4,20,86.7,33.3,44,70,392,66,6,2,0,5,8
2025-11-02,129,21,10,5,21,86.0,30.0,54,93,503,133,4,2,0,5,4
2025-11-03,134,16,8,2,16,89.3,46.7,38,65,313,114,3,0,0,8,3
2025-11-04,138,12,8,3,12,92.0,60.0,43,71,319,68,3,2,0,9,7
2025-11-05,140,10,6,1,10,93.3,66.7,32,60,235,98,7,0,0,11,12
2025-11-06,140,10,2,3,10,93.3,66.7,30,50,283,63,3,0,2,8,7
2025-11-07,135,15,11,0,15,90.0,50.0,43,72,366,130,9,2,0,6,12
2025-11-08,132,18,13,5,18,88.0,40.0,41,72,334,120,10,0,0,7,9
2025-11-09,129,21,10,2,21,86.0,30.0,47,69,448,66,10,0,1,8,10
2025-11-10,123,27,13,4,27,82.0,10.0,38,64,278,85,10,1,0,5,10
2025-11-11,127,23,15,6,23,84.7,23.3,31,65,265,43,6,0,0,10,10
2025-11-12,129,21,10,6,21,86.0,30.0,37,62,346,25,4,0,0,6,4
2025-11-13,125,25,17,5,25,83.3,16.7,40,66,294,139,10,0,0,6,6
2025-11-14,127,23,12,4,23,84.7,23.3,34,70,319,137,5,0,0,7,3
2025-11-15,135,15,6,1,15,90.0,50.0,46,88,424,107,4,0,0,12,3
2025-11-16,138,12,10,3,12,92.0,60.0,55,109,398,83,3,2,0,8,4
2025-11-17,139,11,6,2,11,92.7,63.3,37,61,303,132,8,0,0,9,11
2025-11-18,140,10,4,3,10,93.3,66.7,37,58,291,44,10,0,0,12,4
2025-11-19,140,10,4,1,10,93.3,66.7,44,88,356,49,8,2,0,10,12
2025-11-20,140,10,3,0,10,93.3,66.7,43,86,366,125,6,0,0,6,11
2025-11-21,140,10,8,1,10,93.3,66.7,40,71,381,130,3,0,0,5,4
2025-11-22,140,10,3,0,10,93.3,66.7,46,99,407,62,5,0,0,5,3
2025-11-23,140,10,4,1,10,93.3,66.7,51,107,476,119,4,0,0,8,9
2025-11-24,136,14,5,3,14,90.7,53.3,33,65,241,64,9,0,0,5,8
2025-11-25,134,16,9,3,16,89.3,46.7,35,54,252,41,10,0,1,9,5
2025-11-26,131,19,11,4,19,87.3,36.7,39,61,301,118,7,0,1,5,6
2025-11-27,134,16,11,2,16,89.3,46.7,32,46,254,103,8,0,0,11,5
2025-11-28,129,21,14,2,21,86.0,30.0,43,88,353,57,10,0,2,7,5
2025-11-29,131,19,13,1,19,87.3,36.7,55,117,506,135,3,0,0,5,6
2025-11-30,132,18,7,3,18,88.0,40.0,52,74,476,48,4,0,0,5,3
2025-12-01,135,15,9,3,15,90.0,50.0,41,60,314,132,7,0,0,10,12
2025-12-02,131,19,11,5,19,87.3,36.7,37,76,346,119,8,2,0,6,12
2025-12-03,139,11,7,4,11,92.7,63.3,30,53,287,101,3,0,1,12,9
2025-12-04,140,10,4,0,10,93.3,66.7,41,88,389,95,8,0,0,9,12
2025-12-05,140,10,8,1,10,93.3,66.7,40,77,312,58,4,0,0,6,12
2025-12-06,140,10,4,2,10,93.3,66.7,43,79,324,52,4,0,0,12,7
2025-12-07,140,10,5,1,10,93.3,66.7,49,89,445,75,7,0,0,8,12
2025-12-08,140,10,3,0,10,93.3,66.7,41,72,356,100,7,0,0,8,4
2025-12-09,138,12,5,4,12,92.0,60.0,32,51,299,41,7,2,0,7,10
2025-12-10,134,16,12,2,16,89.3,46.7,36,71,289,58,9,0,0,5,8
2025-12-11,134,16,12,2,16,89.3,46.7,44,67,418,130,5,0,0,5,9
2025-12-12,131,19,8,5,19,87.3,36.7,44,81,342,103,10,0,0,7,12
2025-12-13,127,23,15,5,23,84.7,23.3,50,108,473,97,6,2,0,4,4
2025-12-14,130,20,12,2,20,86.7,33.3,42,75,375,138,4,0,0,7,8
2025-12-15,135,15,9,2,15,90.0,50.0,40,56,291,90,3,0,0,8,4
2025-12-16,133,17,10,5,17,88.7,43.3,40,68,382,77,8,0,0,6,5
2025-12-17,139,11,4,3,11,92.7,63.3,35,57,320,131,4,0,0,10,4
2025-12-18,140,10,2,1,10,93.3,66.7,44,73,385,33,7,1,0,9,7
2025-12-19,140,10,4,1,10,93.3,66.7,40,65,364,36,7,0,0,12,5
2025-12-20,140,10,7,3,10,93.3,66.7,49,90,376,41,5,2,0,12,3
2025-12-21,140,10,6,3,10,93.3,66.7,47,66,402,44,8,0,0,12,5
2025-12-22,139,11,9,3,11,92.7,63.3,43,74,390,81,5,0,1,5,3
2025-12-23,140,10,3,3,10,93.3,66.7,35,59,286,62,9,0,0,12,3
2025-12-24,140,10,5,0,10,93.3,66.7,40,78,316,109,3,0,0,11,9
2025-12-25,140,10,6,0,10,93.3,66.7,33,49,254,67,5,0,0,9,6
2025-12-26,140,10,5,1,10,93.3,66.7,42,73,324,32,3,1,0,7,9
2025-12-27,138,12,6,0,12,92.0,60.0,46,87,360,47,10,0,0,8,5
2025-12-28,140,10,8,2,10,93.3,66.7,45,63,416,72,4,2,0,9,8
2025-12-29,140,10,8,1,10,93.3,66.7,41,67,310,130,6,1,0,12,12
2025-12-30,138,12,9,3,12,92.0,60.0,31,54,234,96,7,0,2,7,11
2025-12-31,137,13,10,4,13,91.3,56.7,43,90,361,92,7,0,0,6,3
2026-01-01,137,13,8,2,13,91.3,56.7,39,84,349,29,4,2,0,6,8
2026-01-02,140,10,2,1,10,93.3,66.7,33,57,299,54,5,0,0,10,10
2026-01-03,140,10,2,0,10,93.3,66.7,51,73,446,62,3,0,1,6,3
2026-01-04,140,10,5,3,10,93.3,66.7,42,60,328,72,10,0,0,11,12
2026-01-05,140,10,7,1,10,93.3,66.7,38,58,348,96,4,0,0,4,10
2026-01-06,140,10,5,0,10,93.3,66.7,38,53,320,121,7,0,0,8,11
2026-01-07,139,11,9,0,11,92.7,63.3,40,78,326,100,10,0,0,9,5
2026-01-08,140,10,5,3,10,93.3,66.7,31,58,252,92,5,0,0,7,7
2026-01-09,140,10,7,0,10,93.3,66.7,37,52,321,99,3,0,0,10,7
2026-01-10,138,12,4,2,12,92.0,60.0,45,90,420,63,10,0,0,8,5
2026-01-11,139,11,9,3,11,92.7,63.3,48,71,384,124,10,0,0,11,10
2026-01-12,140,10,6,1,10,93.3,66.7,43,67,355,73,7,0,0,11,7
2026-01-13,139,11,3,3,11,92.7,63.3,41,76,331,137,6,0,0,5,5
2026-01-14,140,10,4,2,10,93.3,66.7,35,57,305,59,7,1,2,11,6
2026-01-15,139,11,4,4,11,92.7,63.3,36,70,327,98,5,0,0,4,4
2026-01-16,136,14,11,0,14,90.7,53.3,44,90,366,114,7,0,0,4,11
2026-01-17,140,10,2,3,10,93.3,66.7,48,101,367,89,4,0,0,10,3
2026-01-18,140,10,3,1,10,93.3,66.7,55,109,463,28,5,0,1,12,10
2026-01-19,140,10,5,1,10,93.3,66.7,36,62,284,67,3,0,0,9,7
2026-01-20,139,11,4,3,11,92.7,63.3,33,62,302,109,5,0,0,4,7
2026-01-21,136,14,11,0,14,90.7,53.3,45,90,342,83,9,0,0,6,5
2026-01-22,136,14,10,4,14,90.7,53.3,44,95,370,77,5,0,0,5,6
2026-01-23,138,12,6,1,12,92.0,60.0,44,94,409,30,6,0,0,8,11
2026-01-24,140,10,6,1,10,93.3,66.7,52,101,448,30,5,0,0,7,5
2026-01-25,140,10,5,0,10,93.3,66.7,52,95,487,60,7,0,0,7,12
2026-01-26,140,10,6,0,10,93.3,66.7,38,61,303,69,7,2,0,11,6
2026-01-27,132,18,13,4,18,88.0,40.0,30,63,271,135,10,0,2,4,5
2026-01-28,128,22,10,3,22,85.3,26.7,45,82,369,86,6,0,2,4,11
2026-01-29,132,18,8,1,18,88.0,40.0,34,51,322,40,5,0,0,9,5
2026-01-30,139,11,9,1,11,92.7,63.3,35,69,264,46,4,0,1,12,10
2026-01-31,140,10,8,0,10,93.3,66.7,46,84,434,110,5,1,0,10,4
2026-02-01,140,10,6,0,10,93.3,66.7,45,70,427,41,7,0,0,8,5
2026-02-02,140,10,2,3,10,93.3,66.7,44,64,370,37,7,0,0,10,11
2026-02-03,138,12,7,2,12,92.0,60.0,35,51,273,109,9,0,0,7,8
2026-02-04,135,15,11,2,15,90.0,50.0,45,91,407,46,7,0,0,4,5
2026-02-05,134,16,6,2,16,89.3,46.7,45,72,416,71,8,0,0,7,3
2026-02-06,136,14,11,1,14,90.7,53.3,34,67,306,138,6,0,0,8,3
2026-02-07,139,11,4,0,11,92.7,63.3,54,96,512,120,9,0,0,12,9
2026-02-08,138,12,8,4,12,92.0,60.0,54,114,512,118,10,0,0,9,8
2026-02-09,137,13,5,4,13,91.3,56.7,36,64,343,29,10,0,0,9,5
2026-02-10,139,11,9,0,11,92.7,63.3,40,69,358,111,6,0,0,8,10
2026-02-11,136,14,8,4,14,90.7,53.3,33,50,291,30,9,0,0,6,10
2026-02-12,132,18,8,2,18,88.0,40.0,38,73,342,66,9,2,2,9,9
2026-02-13,139,11,4,0,11,92.7,63.3,32,56,286,131,4,0,0,11,3
2026-02-14,140,10,7,2,10,93.3,66.7,54,95,426,56,4,1,0,9,8
2026-02-15,140,10,8,1,10,93.3,66.7,48,93,436,126,4,1,0,8,11
2026-02-16,140,10,7,2,10,93.3,66.7,45,85,380,132,3,0,0,5,11
2026-02-17,140,10,3,0,10,93.3,66.7,30,55,232,40,3,0,0,6,11
2026-02-18,138,12,10,0,12,92.0,60.0,36,68,275,124,10,0,1,9,6
2026-02-19,139,11,9,1,11,92.7,63.3,44,87,328,116,3,1,0,5,12
2026-02-20,140,10,6,3,10,93.3,66.7,33,66,280,114,8,0,1,12,8
2026-02-21,132,18,13,4,18,88.0,40.0,41,77,309,91,10,2,2,6,6
2026-02-22,131,19,9,1,19,87.3,36.7,48,103,441,96,9,2,0,10,9
2026-02-23,137,13,4,3,13,91.3,56.7,32,68,288,94,6,0,0,12,9
2026-02-24,137,13,9,3,13,91.3,56.7,38,61,298,33,10,2,0,12,4
2026-02-25,135,15,8,1,15,90.0,50.0,40,66,332,26,8,0,0,6,4
2026-02-26,138,12,5,1,12,92.0,60.0,30,45,262,85,3,0,2,8,5
2026-02-27,134,16,6,3,16,89.3,46.7,35,62,332,139,10,0,0,6,5
2026-02-28,135,15,7,0,15,90.0,50.0,52,88,482,94,6,0,0,7,5
2026-03-01,137,13,5,3,13,91.3,56.7,54,95,473,90,9,0,0,11,7
2026-03-02,136,14,8,2,14,90.7,53.3,44,71,397,32,9,0,0,8,12
2026-03-03,139,11,6,4,11,92.7,63.3,45,66,399,121,9,0,0,12,9
2026-03-04,140,10,5,0,10,93.3,66.7,42,84,335,121,5,0,0,11,12
2026-03-05,140,10,2,0,10,93.3,66.7,30,42,277,85,3,0,0,5,11
2026-03-06,138,12,9,3,12,92.0,60.0,36,64,280,100,6,0,2,6,11
2026-03-07,134,16,8,1,16,89.3,46.7,42,79,325,111,10,0,0,6,5
2026-03-08,137,13,10,2,13,91.3,56.7,48,92,385,61,5,0,0,8,7
2026-03-09,138,12,9,4,12,92.0,60.0,35,57,318,129,10,0,0,11,10
2026-03-10,140,10,5,2,10,93.3,66.7,38,57,274,123,4,0,1,12,9
2026-03-11,140,10,8,0,10,93.3,66.7,36,63,266,96,4,1,0,12,5
2026-03-12,139,11,3,4,11,92.7,63.3,45,81,407,97,8,0,0,7,3
2026-03-13,140,10,5,0,10,93.3,66.7,40,81,380,125,4,0,0,6,11
2026-03-14,140,10,3,2,10,93.3,66.7,45,69,359,132,4,0,0,4,4
2026-03-15,139,11,5,1,11,92.7,63.3,55,106,501,48,6,1,2,8,11
2026-03-16,140,10,7,0,10,93.3,66.7,31,44,241,30,7,0,0,9,12
2026-03-17,140,10,3,1,10,93.3,66.7,45,95,366,78,4,0,0,5,9
2026-03-18,140,10,3,3,10,93.3,66.7,38,54,329,137,10,0,0,11,10
2026-03-19,140,10,8,1,10,93.3,66.7,33,54,289,116,8,1,0,12,12
2026-03-20,136,14,9,2,14,90.7,53.3,40,58,302,90,9,0,0,5,7
2026-03-21,136,14,5,4,14,90.7,53.3,48,68,453,94,9,0,0,9,7
2026-03-22,135,15,10,2,15,90.0,50.0,41,88,304,131,8,0,0,7,10
2026-03-23,138,12,5,1,12,92.0,60.0,40,71,357,115,8,0,0,11,8
2026-03-24,140,10,7,0,10,93.3,66.7,35,73,267,85,3,0,0,7,5
2026-03-25,140,10,4,0,10,93.3,66.7,37,71,306,65,8,1,0,9,11
2026-03-26,140,10,5,0,10,93.3,66.7,37,70,305,87,5,0,0,11,11
2026-03-27,140,10,2,2,10,93.3,66.7,36,66,293,48,6,0,0,9,9
2026-03-28,134,16,9,2,16,89.3,46.7,54,106,410,117,10,0,0,4,4
2026-03-29,131,19,11,1,19,87.3,36.7,49,93,443,63,10,0,0,7,7
2026-03-30,137,13,7,2,13,91.3,56.7,30,57,239,91,3,0,0,9,7
2026-03-31,134,16,12,2,16,89.3,46.7,37,76,329,29,7,2,0,6,5
2026-04-01,138,12,4,0,12,92.0,60.0,45,90,418,90,5,0,0,9,9
2026-04-02,140,10,7,0,10,93.3,66.7,41,75,333,29,6,0,0,12,10
2026-04-03,140,10,3,1,10,93.3,66.7,33,59,285,35,3,0,0,8,10
2026-04-04,139,11,7,2,11,92.7,63.3,50,85,470,34,5,0,0,4,7
2026-04-05,134,16,12,2,16,89.3,46.7,53,88,448,116,10,0,0,5,12
2026-04-06,133,17,8,4,17,88.7,43.3,45,98,424,132,10,0,0,9,4
2026-04-07,128,22,14,5,22,85.3,26.7,40,58,343,121,9,0,0,4,11
2026-04-08,124,26,18,4,26,82.7,13.3,32,56,265,90,10,1,0,7,8
2026-04-09,128,22,15,5,22,85.3,26.7,30,51,253,106,7,0,0,11,8
2026-04-10,127,23,12,6,23,84.7,23.3,41,85,323,117,8,0,0,7,6
2026-04-11,130,20,8,1,20,86.7,33.3,50,87,378,83,5,0,0,8,3
2026-04-12,136,14,6,3,14,90.7,53.3,52,109,452,93,4,0,0,10,4
2026-04-13,137,13,4,0,13,91.3,56.7,40,64,310,38,3,0,2,6,9
2026-04-14,134,16,9,4,16,89.3,46.7,39,72,299,45,7,0,0,4,6
2026-04-15,136,14,6,4,14,90.7,53.3,36,71,278,108,10,0,0,12,4
2026-04-16,138,12,10,2,12,92.0,60.0,40,85,353,89,7,0,0,9,5
2026-04-17,140,10,5,1,10,93.3,66.7,36,57,311,114,3,0,0,10,4
2026-04-18,140,10,2,0,10,93.3,66.7,40,62,304,78,3,0,2,5,9
2026-04-19,135,15,9,4,15,90.0,50.0,52,105,412,104,9,0,0,4,12
2026-04-20,140,10,7,2,10,93.3,66.7,43,72,324,118,4,0,0,11,12
2026-04-21,138,12,5,1,12,92.0,60.0,33,55,253,50,7,0,0,5,10
2026-04-22,136,14,8,0,14,90.7,53.3,44,92,395,39,8,0,0,6,9
2026-04-23,136,14,6,4,14,90.7,53.3,30,44,264,122,5,2,0,7,10
2026-04-24,140,10,4,2,10,93.3,66.7,30,54,237,96,3,1,0,8,9
2026-04-25,140,10,2,2,10,93.3,66.7,46,67,345,51,7,0,0,9,6
2026-04-26,140,10,4,3,10,93.3,66.7,55,93,409,87,4,0,0,7,7
2026-04-27,140,10,5,1,10,93.3,66.7,33,54,267,96,4,0,0,7,9
2026-04-28,137,13,5,4,13,91.3,56.7,44,85,409,107,9,0,0,6,5
2026-04-29,133,17,12,5,17,88.7,43.3,43,67,346,70,10,0,2,8,3
2026-04-30,132,18,9,5,18,88.0,40.0,41,61,314,140,4,2,0,5,8
2026-05-01,132,18,9,3,18,88.0,40.0,50,72,454,104,8,0,2,10,7
2026-05-02,130,20,10,3,20,86.7,33.3,51,102,375,42,7,0,0,5,3
2026-05-03,128,22,15,5,22,85.3,26.7,49,78,440,79,6,0,0,4,3
2026-05-04,125,25,11,4,25,83.3,16.7,48,87,415,70,7,0,0,4,5
2026-05-05,133,17,10,3,17,88.7,43.3,44,67,388,67,4,0,0,12,9
2026-05-06,126,24,16,4,24,84.0,20.0,43,69,319,36,9,0,2,4,3
2026-05-07,125,25,15,3,25,83.3,16.7,41,80,374,77,8,0,0,7,12
2026-05-08,129,21,14,6,21,86.0,30.0,50,75,388,122,3,0,1,8,11
2026-05-09,132,18,7,4,18,88.0,40.0,58,110,425,84,6,0,0,9,10
2026-05-10,138,12,7,1,12,92.0,60.0,61,128,567,71,3,2,0,11,8
2026-05-11,140,10,3,3,10,93.3,66.7,42,64,384,122,6,0,0,8,5
2026-05-12,140,10,4,3,10,93.3,66.7,41,72,383,112,5,0,0,7,5
2026-05-13,140,10,5,2,10,93.3,66.7,46,98,435,56,6,0,1,8,11
2026-05-14,140,10,2,3,10,93.3,66.7,45,88,330,99,3,0,0,8,10
2026-05-15,140,10,7,0,10,93.3,66.7,43,86,331,29,4,0,0,5,8
2026-05-16,140,10,8,1,10,93.3,66.7,48,92,442,114,3,0,2,7,3
2026-05-17,140,10,6,1,10,93.3,66.7,59,100,498,63,3,0,0,10,5
2026-05-18,140,10,5,3,10,93.3,66.7,46,81,371,80,5,0,0,11,7
2026-05-19,140,10,5,1,10,93.3,66.7,35,51,269,127,7,0,0,11,8
2026-05-20,140,10,6,1,10,93.3,66.7,39,81,352,47,5,0,0,8,4
2026-05-21,140,10,3,0,10,93.3,66.7,38,82,329,82,9,0,0,9,4
2026-05-22,140,10,7,1,10,93.3,66.7,49,103,405,53,7,0,0,7,4
2026-05-23,140,10,5,0,10,93.3,66.7,59,89,457,33,5,1,0,12,10
2026-05-24,140,10,3,1,10,93.3,66.7,62,135,543,52,8,0,0,11,3
2026-05-25,140,10,3,2,10,93.3,66.7,48,105,380,128,9,0,0,12,9
2026-05-26,140,10,6,2,10,93.3,66.7,42,80,366,116,4,0,0,12,10
2026-05-27,140,10,7,1,10,93.3,66.7,39,84,329,115,8,0,0,8,6
2026-05-28,135,15,8,2,15,90.0,50.0,35,57,258,116,9,0,0,4,8
2026-05-29,134,16,12,5,16,89.3,46.7,38,70,310,121,8,0,1,8,12
2026-05-30,135,15,9,0,15,90.0,50.0,49,87,439,81,9,0,2,12,5
2026-05-31,131,19,11,5,19,87.3,36.7,53,101,426,76,10,0,0,6,5
2026-06-01,126,24,17,2,24,84.0,20.0,47,89,449,78,7,1,2,5,12
2026-06-02,129,21,15,5,21,86.0,30.0,39,77,353,102,3,0,0,6,7
2026-06-03,124,26,13,6,26,82.7,13.3,38,54,347,85,10,2,0,7,6
2026-06-04,125,25,11,3,25,83.3,16.7,42,86,383,50,5,0,0,6,7
2026-06-05,129,21,9,5,21,86.0,30.0,39,78,288,32,3,0,0,7,7
2026-06-06,132,18,12,4,18,88.0,40.0,61,127,534,97,9,0,0,12,11
2026-06-07,131,19,8,3,19,87.3,36.7,56,119,451,49,10,0,0,9,4
2026-06-08,137,13,4,4,13,91.3,56.7,50,77,458,55,4,0,1,11,8
2026-06-09,138,12,7,3,12,92.0,60.0,43,86,359,108,3,0,0,4,11
2026-06-10,137,13,5,3,13,91.3,56.7,38,58,300,67,9,0,0,8,6
2026-06-11,135,15,11,0,15,90.0,50.0,49,98,452,118,7,0,1,6,8
2026-06-12,134,16,7,2,16,89.3,46.7,49,96,467,112,7,0,0,6,3
2026-06-13,139,11,9,3,11,92.7,63.3,51,85,422,49,5,0,0,10,7
2026-06-14,137,13,9,4,13,91.3,56.7,48,82,401,107,7,0,0,5,5
2026-06-15,138,12,4,3,12,92.0,60.0,41,81,324,131,4,0,2,7,10
2026-06-16,138,12,6,3,12,92.0,60.0,46,101,351,54,4,2,0,6,10
2026-06-17,140,10,3,1,10,93.3,66.7,48,87,456,132,6,0,0,11,6
2026-06-18,140,10,4,0,10,93.3,66.7,40,86,305,82,5,1,0,7,7
